Track,Position,No,Driver,Team,Starting Grid,Laps,Time/Retired,Points
Azerbaijan,1,11,Sergio Perez,Red Bull Racing Honda RBPT,2,17,33:17.667,8
Azerbaijan,2,16,Charles Leclerc,Ferrari,1,17,+4.463,7
Azerbaijan,3,1,Max Verstappen,Red Bull Racing Honda RBPT,3,17,+5.065,6
Azerbaijan,4,63,George Russell,Mercedes,4,17,+8.532,5
Azerbaijan,5,55,Carlos Sainz,Ferrari,5,17,+10.388,4
Azerbaijan,6,14,Fernando Alonso,Aston Martin Aramco Mercedes,8,17,+11.613,3
Azerbaijan,7,44,Lewis Hamilton,Mercedes,6,17,+16.503,2
Azerbaijan,8,18,Lance Stroll,Aston Martin Aramco Mercedes,9,17,+18.417,1
Azerbaijan,9,23,Alexander Albon,Williams Mercedes,7,17,+21.757,0
Azerbaijan,10,81,Oscar Piastri,McLaren Mercedes,11,17,+22.851,0
Azerbaijan,11,20,Kevin Magnussen,Haas Ferrari,13,17,+27.990,0
Azerbaijan,12,24,Guanyu Zhou,Alfa Romeo Ferrari,14,17,+34.602,0
Azerbaijan,13,10,Pierre Gasly,Alpine Renault,17,17,+36.918,0
Azerbaijan,14,21,Nyck De Vries,AlphaTauri Honda RBPT,18,17,+41.626,0
Azerbaijan,15,27,Nico Hulkenberg,Haas Ferrari,12,17,+48.587,0
Azerbaijan,16,77,Valtteri Bottas,Alfa Romeo Ferrari,15,17,+49.917,0
Azerbaijan,17,4,Lando Norris,McLaren Mercedes,10,17,+51.104,0
Azerbaijan,18,31,Esteban Ocon,Alpine Renault,19,17,+60.621,0
Azerbaijan,NC,22,Yuki Tsunoda,AlphaTauri Honda RBPT,16,2,DNF,0
Austria,1,1,Max Verstappen,Red Bull Racing Honda RBPT,1,24,30:26.730,8
Austria,2,11,Sergio Perez,Red Bull Racing Honda RBPT,2,24,+21.048,7
Austria,3,55,Carlos Sainz,Ferrari,5,24,+23.088,6
Austria,4,18,Lance Stroll,Aston Martin Aramco Mercedes,7,24,+29.703,5
Austria,5,14,Fernando Alonso,Aston Martin Aramco Mercedes,6,24,+30.109,4
Austria,6,27,Nico Hulkenberg,Haas Ferrari,4,24,+31.297,3
Austria,7,31,Esteban Ocon,Alpine Renault,8,24,+36.602,2
Austria,8,63,George Russell,Mercedes,15,24,+36.611,1
Austria,9,4,Lando Norris,McLaren Mercedes,3,24,+38.608,0
Austria,10,44,Lewis Hamilton,Mercedes,18,24,+46.375,0
Austria,11,81,Oscar Piastri,McLaren Mercedes,17,24,+49.807,0
Austria,12,16,Charles Leclerc,Ferrari,9,24,+50.789,0
Austria,13,23,Alexander Albon,Williams Mercedes,11,24,+52.848,0
Austria,14,20,Kevin Magnussen,Haas Ferrari,10,24,+56.593,0
Austria,15,10,Pierre Gasly,Alpine Renault,12,24,+57.652,0
Austria,16,22,Yuki Tsunoda,AlphaTauri Honda RBPT,13,24,+64.822,0
Austria,17,21,Nyck De Vries,AlphaTauri Honda RBPT,14,24,+65.617,0
Austria,18,2,Logan Sargeant,Williams Mercedes,20,24,+66.059,0
Austria,19,24,Guanyu Zhou,Alfa Romeo Ferrari,16,24,+70.825,0
Austria,20,77,Valtteri Bottas,Alfa Romeo Ferrari,19,24,+76.435,0
Belgium,1,1,Max Verstappen,Red Bull Racing Honda RBPT,1,11,24:58.433,8
Belgium,2,81,Oscar Piastri,McLaren Mercedes,2,11,+6.677,7
Belgium,3,10,Pierre Gasly,Alpine Renault,6,11,+10.733,6
Belgium,4,55,Carlos Sainz,Ferrari,3,11,+12.648,5
Belgium,5,16,Charles Leclerc,Ferrari,4,11,+15.016,4
Belgium,6,4,Lando Norris,McLaren Mercedes,5,11,+16.052,3
Belgium,7,44,Lewis Hamilton,Mercedes,7,11,+16.757,2
Belgium,8,63,George Russell,Mercedes,10,11,+16.822,1
Belgium,9,31,Esteban Ocon,Alpine Renault,9,11,+22.410,0
Belgium,10,3,Daniel Ricciardo,AlphaTauri Honda RBPT,11,11,+22.806,0
Belgium,11,18,Lance Stroll,Aston Martin Aramco Mercedes,14,11,+25.007,0
Belgium,12,23,Alexander Albon,Williams Mercedes,12,11,+26.303,0
Belgium,13,77,Valtteri Bottas,Alfa Romeo Ferrari,17,11,+27.006,0
Belgium,14,20,Kevin Magnussen,Haas Ferrari,18,11,+32.986,0
Belgium,15,24,Guanyu Zhou,Alfa Romeo Ferrari,19,11,+36.342,0
Belgium,16,2,Logan Sargeant,Williams Mercedes,13,11,+37.571,0
Belgium,17,27,Nico Hulkenberg,Haas Ferrari,20,11,+37.827,0
Belgium,18,22,Yuki Tsunoda,AlphaTauri Honda RBPT,16,11,+39.267,0
Belgium,NC,11,Sergio Perez,Red Bull Racing Honda RBPT,8,8,DNF,0
Belgium,NC,14,Fernando Alonso,Aston Martin Aramco Mercedes,15,2,DNF,0
Qatar,1,81,Oscar Piastri,McLaren Mercedes,1,19,35:01.297,8
Qatar,2,1,Max Verstappen,Red Bull Racing Honda RBPT,3,19,+1.871,7
Qatar,3,4,Lando Norris,McLaren Mercedes,2,19,+8.497,6
Qatar,4,63,George Russell,Mercedes,4,19,+11.036,5
Qatar,5,44,Lewis Hamilton,Mercedes,12,19,+17.314,4
Qatar,6,55,Carlos Sainz,Ferrari,5,19,+18.806,3
Qatar,7,23,Alexander Albon,Williams Mercedes,17,19,+19.864,2
Qatar,8,14,Fernando Alonso,Aston Martin Aramco Mercedes,9,19,+21.180,1
Qatar,9,10,Pierre Gasly,Alpine Renault,11,19,+21.742,0
Qatar,10,77,Valtteri Bottas,Alfa Romeo Ferrari,13,19,+22.208,0
Qatar,11,22,Yuki Tsunoda,AlphaTauri Honda RBPT,18,19,+22.863,0
Qatar,12,16,Charles Leclerc,Ferrari,6,19,+24.860,0
Qatar,13,20,Kevin Magnussen,Haas Ferrari,19,19,+24.970,0
Qatar,14,24,Guanyu Zhou,Alfa Romeo Ferrari,15,19,+26.868,0
Qatar,15,18,Lance Stroll,Aston Martib Aramco Mercedes,16,19,+29.523,0
Qatar,NC,27,Nico Hulkenberg,Haas Ferrari,7,11,DNF,0
Qatar,NC,31,Esteban Ocon,Alpine Renault,10,10,DNF,0
Qatar,NC,11,Sergio Perez,Red Bull Racing Honda RBPT,8,10,DNF,0
Qatar,NC,2,Logan Sargeant,Williams Mercedes,20,2,DNF,0
Qatar,NC,40,Liam Lawson,AlphaTauri Honda RBPT,14,0,DNF,0
United States,1,1,Max Verstappen,Red Bull Racing Honda RBPT,1,19,31:30.849,8
United States,2,44,Lewis Hamilton,Mercedes,3,19,+9.465,7
United States,3,16,Charles Leclerc,Ferrari,2,19,+17.987,6
United States,4,4,Lando Norris,McLaren Mercedes,4,19,+18.863,5
United States,5,11,Sergio Perez,Red Bull Racing Honda RBPT,7,19,+22.928,4
United States,6,55,Carlos Sainz,Ferrari,6,19,+28.307,3
United States,7,10,Pierre Gasly,Alpine Renault,9,19,+32.403,2
United States,8,63,George Russell,Mercedes,11,19,+34.250,1
United States,9,23,Alexander Albon,Williams Mercedes,8,19,+34.567,0
United States,10,81,Oscar Piastri,McLaren Mercedes,5,19,+42.403,0
United States,11,31,Esteban Ocon,Alpine Renault,13,19,+44.986,0
United States,12,3,Daniel Ricciardo,AlphaTauri Honda RBPT,10,19,+45.509,0
United States,13,14,Fernando Alonso,Aston Martin Aramco Mercedes,12,19,+49.086,0
United States,14,22,Yuki Tsunoda,AlphaTauri Honda RBPT,19,19,+49.733,0
United States,15,27,Nico Hulkenberg,Haas Ferrari,16,19,+56.650,0
United States,16,77,Valtteri Bottas,Alfa Romeo Ferrari,18,19,+64.401,0
United States,17,24,Guanyu Zhou,Alfa Romeo Ferrari,15,19,+67.972,0
United States,18,20,Kevin Magnussen,Haas Ferrari,17,19,+71.122,0
United States,19,2,Logan Sargeant,Williams Mercedes,20,19,+71.449,0
United States,NC,18,Lance Stroll,Aston Martin Aramco Mercedes,14,16,DNF,0
Brazil,1,1,Max Verstappen,Red Bull Racing Honda RBPT,2,24,30:07.209,8
Brazil,2,4,Lando Norris,McLaren Mercedes,1,24,+4.287,7
Brazil,3,11,Sergio Perez,Red Bull Racing Honda RBPT,3,24,+13.617,6
Brazil,4,63,George Russell,Mercedes,4,24,+25.879,5
Brazil,5,16,Charles Leclerc,Ferrari,7,24,+28.560,4
Brazil,6,22,Yuki Tsunoda,AlphaTauri Honda RBPT,6,24,+29.210,3
Brazil,7,44,Lewis Hamilton,Mercedes,5,24,+34.726,2
Brazil,8,55,Carlos Sainz,Ferrari,9,24,+35.106,1
Brazil,9,3,Daniel Ricciardo,AlphaTauri Honda RBPT,8,24,+35.303,0
Brazil,10,81,Oscar Piastri,McLaren Mercedes,10,24,+38.219,0
Brazil,11,14,Fernando Alonso,Aston Martin Aramco Mercedes,15,24,+39.061,0
Brazil,12,18,Lance Stroll,Aston Martin Aramco Mercedes,17,24,+39.478,0
Brazil,13,10,Pierre Gasly,Alpine Renault,13,24,+40.621,0
Brazil,14,31,Esteban Ocon,Alpine Renault,16,24,+42.848,0
Brazil,15,23,Alexander Albon,Williams Mercedes,19,24,+43.394,0
Brazil,16,20,Kevin Magnussen,Haas Ferrari,11,24,+56.507,0
Brazil,17,24,Guanyu Zhou,Alfa Romeo Ferrari,18,24,+58.723,0
Brazil,18,27,Nico Hulkenberg,Haas Ferrari,12,24,+60.330,0
Brazil,19,77,Valtteri Bottas,Alfa Romeo Ferrari,14,24,+60.749,0
Brazil,20,2,Logan Sargeant,Williams Mercedes,20,24,+60.945,0
